{
  "BLIP2_proxy": {
    "cACC": 0.31466666666666665,
    "SelectiveAcc": 0.31466666666666665,
    "Coverage": 1.0,
    "AUC": 0.5550255536626917,
    "ECE": 0.5173652255733807,
    "Brier": 0.29802295565605164
  },
  "Med_FineR_pp": {
    "cACC": 0.8343333333333334,
    "SelectiveAcc": 0.7068196303377948,
    "Coverage": 0.523,
    "AUC": 0.5267042327348972,
    "ECE": 0.44941205950578056,
    "Brier": 0.23310957849025726
  },
  "Ablation": {
    "No_epistemic": {
      "cACC": 0.641,
      "SelectiveAcc": 0.5815686274509804,
      "Coverage": 0.85,
      "AUC": 0.5267042327348972,
      "ECE": 0.44941205950578056,
      "Brier": 0.23310957849025726
    },
    "No_aleatoric": {
      "cACC": 0.641,
      "SelectiveAcc": 0.5815686274509804,
      "Coverage": 0.85,
      "AUC": 0.5267042327348972,
      "ECE": 0.44941205950578056,
      "Brier": 0.23310957849025726
    }
  },
  "theta": 1.1260634684562683,
  "best_val_auc": 0.5741414141414141
}