{
  "BLIP2_proxy": {
    "cACC": 0.3950617283950617,
    "SelectiveAcc": 0.3950617283950617,
    "Coverage": 1.0,
    "AUC": 0.6560023183600516,
    "ECE": 0.5617957969940879,
    "Brier": 0.3760988414287567
  },
  "Med_FineR_pp": {
    "cACC": 0.6991717455852478,
    "SelectiveAcc": 0.6361411087113031,
    "Coverage": 0.8139943741209564,
    "AUC": 0.6307872746353638,
    "ECE": 0.4299362263778916,
    "Brier": 0.23156358301639557
  },
  "Ablation": {
    "No_epistemic": {
      "cACC": 0.6840912642600406,
      "SelectiveAcc": 0.6326070968928111,
      "Coverage": 0.8499765588373184,
      "AUC": 0.6307872746353638,
      "ECE": 0.4299362263778916,
      "Brier": 0.23156358301639557
    },
    "No_aleatoric": {
      "cACC": 0.6840912642600406,
      "SelectiveAcc": 0.6326070968928111,
      "Coverage": 0.8499765588373184,
      "AUC": 0.6307872746353638,
      "ECE": 0.4299362263778916,
      "Brier": 0.23156358301639557
    }
  },
  "theta": 1.140784502029419,
  "best_val_auc": 0.6971590314944912
}