{
  "BLIP2_proxy": {
    "cACC": 0.36091576808876386,
    "SelectiveAcc": 0.36091576808876386,
    "Coverage": 1.0,
    "AUC": 0.647817579170161,
    "ECE": 0.553334199095293,
    "Brier": 0.36305397748947144
  },
  "Med_FineR_pp": {
    "cACC": 0.8659946866697922,
    "SelectiveAcc": 0.7129217649239896,
    "Coverage": 0.4214721050164088,
    "AUC": 0.6253471513924371,
    "ECE": 0.4240548883563751,
    "Brier": 0.22911237180233002
  },
  "Ablation": {
    "No_epistemic": {
      "cACC": 0.6668620096890139,
      "SelectiveAcc": 0.6116013973156831,
      "Coverage": 0.8499765588373184,
      "AUC": 0.6253471513924371,
      "ECE": 0.4240548883563751,
      "Brier": 0.22911237180233002
    },
    "No_aleatoric": {
      "cACC": 0.6668620096890139,
      "SelectiveAcc": 0.6116013973156831,
      "Coverage": 0.8499765588373184,
      "AUC": 0.6253471513924371,
      "ECE": 0.4240548883563751,
      "Brier": 0.22911237180233002
    }
  },
  "theta": 0.9822295904159546,
  "best_val_auc": 0.6984821946327227
}