{
  "BLIP2_proxy": {
    "cACC": 0.5715346147835599,
    "SelectiveAcc": 0.5715346147835599,
    "Coverage": 1.0,
    "AUC": 0.6278476991427753,
    "ECE": 0.45175893224978386,
    "Brier": 0.25506240129470825
  },
  "Med_FineR_pp": {
    "cACC": 0.9208470073448977,
    "SelectiveAcc": 0.8657093261795803,
    "Coverage": 0.49515549304578843,
    "AUC": 0.6064624106555339,
    "ECE": 0.3827870710962339,
    "Brier": 0.1847209632396698
  },
  "Ablation": {
    "No_epistemic": {
      "cACC": 0.807508985779028,
      "SelectiveAcc": 0.7782680639823497,
      "Coverage": 0.8499765588373184,
      "AUC": 0.6064624106555339,
      "ECE": 0.3827870710962339,
      "Brier": 0.1847209632396698
    },
    "No_aleatoric": {
      "cACC": 0.807508985779028,
      "SelectiveAcc": 0.7782680639823497,
      "Coverage": 0.8499765588373184,
      "AUC": 0.6064624106555339,
      "ECE": 0.3827870710962339,
      "Brier": 0.1847209632396698
    }
  },
  "theta": 1.030395154953003,
  "best_val_auc": 0.6928312720428165
}