{
  "BLIP2_proxy": {
    "cACC": 0.37228473198937334,
    "SelectiveAcc": 0.37228473198937334,
    "Coverage": 1.0,
    "AUC": 0.6630193869441504,
    "ECE": 0.5406396019737221,
    "Brier": 0.356716513633728
  },
  "Med_FineR_pp": {
    "cACC": 0.8701359587435537,
    "SelectiveAcc": 0.7342613938641603,
    "Coverage": 0.4406157212064385,
    "AUC": 0.6222818361670645,
    "ECE": 0.4105829208708541,
    "Brier": 0.22171761095523834
  },
  "Ablation": {
    "No_epistemic": {
      "cACC": 0.6748320050007813,
      "SelectiveAcc": 0.6216216216216216,
      "Coverage": 0.8499765588373184,
      "AUC": 0.6222818361670645,
      "ECE": 0.4105829208708541,
      "Brier": 0.22171761095523834
    },
    "No_aleatoric": {
      "cACC": 0.6748320050007813,
      "SelectiveAcc": 0.6216216216216216,
      "Coverage": 0.8499765588373184,
      "AUC": 0.6222818361670645,
      "ECE": 0.4105829208708541,
      "Brier": 0.22171761095523834
    }
  },
  "theta": 0.9853894448280335,
  "best_val_auc": 0.7141450714401147
}