{
  "dataset": {
    "name": "PneumoniaMNIST",
    "train": 4708,
    "val": 524,
    "test": 624,
    "theta": 1.0
  },
  "BLIP2_zero_shot": {
    "cacc": 0.8237179487179487,
    "selective_acc": 0.8237179487179487,
    "coverage": 1.0,
    "auc": 0.9149737015121631,
    "ece": 0.14899023338097,
    "brier": 0.1410360558669785
  },
  "FineR_fixed_attr": {
    "cacc": 0.5528846153846154,
    "selective_acc": 0.5528846153846154,
    "coverage": 1.0,
    "auc": 0.5351413543721236,
    "ece": 0.13461949193897915,
    "brier": 0.25099518914718144
  },
  "Med_FineR_pp": {
    "cacc": 0.7419871794871795,
    "selective_acc": 0.8163636363636364,
    "coverage": 0.8814102564102564,
    "auc": 0.8761122068814378,
    "ece": 0.14803228970680518,
    "brier": 0.14999457051782963
  },
  "Ablation": {
    "No_epistemic": {
      "cacc": 0.8141025641025641,
      "selective_acc": 0.8141025641025641,
      "coverage": 1.0,
      "auc": 0.8761122068814378,
      "ece": 0.14803228970680518,
      "brier": 0.14999457051782963
    },
    "No_aleatoric": {
      "cacc": 0.8141025641025641,
      "selective_acc": 0.8141025641025641,
      "coverage": 1.0,
      "auc": 0.8761122068814378,
      "ece": 0.14803228970680518,
      "brier": 0.14999457051782963
    },
    "Uniform_weights": {
      "cacc": 0.6971153846153846,
      "selective_acc": 0.812015503875969,
      "coverage": 0.8269230769230769,
      "auc": 0.8646066184527723,
      "ece": 0.1733573723829837,
      "brier": 0.15370817010174112
    }
  }
}